Engine rpm,Lub oil pressure,Fuel pressure,Coolant pressure,lub oil temp,Coolant temp
1007,3.771152795,7.327709575,5.272088141,77.0411592,70.13375257
453,3.007700046,5.530251873,6.194230687,74.72386675,73.65549863
1162,2.822622014,7.133174756,1.783499322,74.76244519,70.12330781
945,4.757571329,8.730620092,1.758604444,76.63842165,73.63254036
785,3.709107257,5.768811053,4.194821584,76.76379453,90.26738188
987,2.814294369,5.775406567,1.319907532,87.46444768,86.98273946
475,2.190595253,5.788436968,2.530182391,76.69335314,92.23868387
924,3.966984562,8.265195537,1.330280378,75.79511399,88.20677227
580,2.513439593,4.133629258,4.002454324,74.99805729,73.50837536
720,4.351282093,7.87990519,6.175328548,77.15570778,77.89539101
1009,3.91825598,5.893327092,1.038322846,76.43713664,79.28923924
555,2.73088755,5.987399566,0.824371251,75.8653778,69.23327674
326,3.437109818,5.990603993,3.009556513,74.44970055,82.00423207
468,2.625445389,4.418414607,1.972966086,73.70911896,82.80237956
830,2.302829569,7.791464727,1.579634964,77.4685599,74.36300366
676,3.538228013,5.956472376,3.225336254,75.22635187,67.15322018
1125,1.909839657,2.999859857,3.642712433,78.12294067,88.92110805
366,0.040510041,7.073204228,1.770704785,79.30725645,66.2738482
1242,3.885375131,6.145073964,1.77310589,77.41968632,75.82947051
496,2.901275062,4.526280857,1.42795887,75.18562816,81.97889644
650,2.997577204,5.764933376,2.490282301,75.1432173,72.34595682
688,3.491281073,5.472862134,2.736850165,78.94502741,78.30692138
891,2.538577668,7.323520369,1.967228555,75.49071205,75.29610963
538,4.322346291,8.600300417,0.804265273,85.06871355,65.29031814
641,4.506067468,8.973193908,4.102585507,75.53621403,77.93685738
729,4.248359258,6.668821239,1.695893202,75.05778387,80.38528884
414,3.928895846,4.468992595,1.740372554,74.46148927,80.17177589
1214,4.103528689,6.295781417,4.384981649,78.0533643,81.55447487
522,2.571046542,6.107686939,2.682155913,76.52959874,67.53940307
753,2.615203106,5.977275401,1.593710606,75.52290893,74.36091808
1188,3.193229919,5.985348266,1.482826603,79.49192828,80.98364135
1003,4.297735542,9.941437519,1.788360986,76.00401753,84.39185808
790,2.121711261,6.335796078,2.356901163,77.27850585,76.81601477
658,4.356801419,4.246735183,2.950434354,78.3057622,73.58248687
626,4.632697599,9.455323672,0.458068702,86.20509396,79.93333144
1159,2.773971361,5.308805626,2.289546509,75.05765508,81.44834735
1016,1.982847739,3.40941125,3.414664579,77.44456289,77.27602946
884,4.47634055,0.552379309,1.646092902,80.11756228,78.17679602
628,2.978557013,5.827935205,1.381222459,80.33482125,65.81650964
739,2.296940824,7.00702012,3.109268615,74.57464725,65.28682252
1076,4.974323599,7.301865612,5.115030337,76.27623341,67.95035713
925,2.56988368,7.655515915,2.872920487,77.56820823,85.30102694
504,0.060044018,5.258088556,2.049383588,77.21227757,82.53860572
996,2.721966849,5.139060717,1.905298878,75.27130997,78.10228417
392,3.941430493,12.12821812,1.941880931,76.2614273,81.48524642
868,4.718417646,7.392882145,1.521710235,75.62777327,78.14053232
841,2.404774382,7.428583165,1.661762172,75.99882298,75.41342676
664,2.10395966,5.798264267,2.441504337,77.71752748,75.66451595
540,1.824257125,7.0340178,4.134992217,76.08351058,75.91593113
525,2.581526728,3.199879449,2.294576562,76.0178332,74.88518559
1302,1.946854196,4.365183475,5.583561657,77.50544195,80.55022642
616,2.181552586,3.83614443,1.213296693,76.22294241,70.14842686
1087,4.294720701,3.272855489,2.086659702,85.17823112,75.42729139
734,5.447072696,6.844988465,1.0584072,81.06318378,70.13609851
1058,4.574759306,8.466307331,2.509847674,75.9741495,73.17673359
885,3.101107857,5.636507936,2.85653057,77.14707518,72.48657309
595,2.193474724,6.6870074,2.363755409,75.26063428,90.91322438
1470,6.575457446,8.03725913,1.770325168,79.53680654,80.18483892
638,1.978124846,6.576255909,2.280325605,78.30748079,74.22235036
974,2.406434854,8.351376665,2.115063175,75.80758901,82.39839793
800,2.948525854,5.12471775,2.621078507,76.80170641,67.2205346
819,2.325768939,4.472757062,1.765074354,75.02933438,77.55191156
499,3.004558573,7.097337102,1.478411006,75.90373536,76.58455769
1218,2.667088743,4.415281189,2.622454422,76.56459308,79.82205932
1096,3.104928732,8.046572583,1.331391623,76.29120915,85.92390051
458,2.163663141,7.938088804,1.76782248,77.4388141,88.03824775
372,3.902893567,4.651874108,1.192439853,77.1915314,92.65595697
936,2.769151193,7.237719469,2.857593553,75.86352662,79.49087484
1187,2.722443428,5.958199617,2.341126325,77.55454182,89.43396011
667,2.329041633,8.208658273,2.78800575,74.36098652,81.14188606
569,5.129769352,5.128463119,2.450121055,76.94427516,80.50301122
975,3.151469495,12.1278867,1.241193567,84.45205285,84.14724644
520,4.233657911,2.376546317,2.775907168,77.68039376,85.78685223
762,4.317033213,5.081381733,1.564083334,83.85659417,75.98534797
673,5.206882919,8.830489178,2.864695906,82.61829708,82.63794008
977,4.098962814,6.885957714,1.550109645,76.24063984,70.13018402
591,2.988914871,5.466950075,1.615132287,75.44904446,75.21878558
1439,2.263345792,6.116457593,1.582601949,80.63490951,78.60299184
662,3.667843406,8.841687555,0.470927716,76.35902794,75.89657059
622,2.538549057,14.24322453,1.942855835,78.2809788,72.38027948
742,2.346219071,10.91891434,1.680981243,76.17828337,81.20820847
1437,5.191605846,3.065888409,1.950039389,76.94636902,94.7030257
1171,4.270435518,5.520500184,1.99490066,75.22507177,69.34004951
988,3.908631758,4.49862204,1.963194641,75.05641557,80.07285436
830,3.380831232,4.755467422,1.723184205,86.63573159,72.63827601
623,2.531889436,5.810421809,1.896951828,75.11314102,93.45170017
911,4.582996146,6.370151455,2.522057361,77.88911762,79.58862292
681,4.680332968,6.32222366,2.082445367,77.8255229,84.12497606
381,4.166454667,6.622904347,2.53210315,76.29183718,85.54487381
922,2.093580924,4.137997491,2.894002229,80.42538795,82.48623576
479,3.763739493,6.186749943,2.144535884,78.30735471,75.38175611
929,4.25309464,7.078998105,1.158807253,75.86248067,70.45221818
976,2.473343044,4.205820357,2.661407595,77.28400416,84.50624714
884,2.507971598,7.841074011,3.390905841,77.86123641,69.60251908
365,3.468128596,9.496504584,2.051122072,76.54390212,75.38150221
1045,2.749453277,6.422872779,1.437082406,77.2045225,70.87909159
728,4.030338751,7.346520246,1.16351552,73.26242544,64.69249965
868,2.271175904,3.158766077,4.902659683,75.79060434,83.58071005
581,4.35433866,3.53053879,1.243609994,77.24777598,74.3297409
647,4.508660721,5.878317724,4.672294501,77.42443007,85.76651819
1405,2.656383491,2.89637323,2.344584819,77.18702169,73.26861157
1118,2.828898336,9.016960732,2.368223015,77.51063924,81.01731441
547,3.1087781,6.090266141,1.575986225,76.00910049,73.06089409
545,3.222519593,4.560048453,3.430100629,75.96845316,72.95668046
757,2.707495623,5.712043694,2.786443843,77.538581,77.36918127
685,2.788075192,5.282153199,3.22434102,77.83927773,72.60598675
645,2.433633736,8.998869655,2.795267853,86.92774908,81.0662488
712,4.174388418,4.591830946,2.209968631,79.05467843,82.86011078
818,2.988767026,14.20692467,2.400705633,77.75209009,75.02572078
536,3.036256365,5.564834777,5.887761123,75.29810542,81.89193448
1037,3.140753978,4.480116735,1.341735319,74.29086949,72.38502129
741,2.302088695,6.591389552,2.414691031,77.82694717,83.81437503
717,4.934471366,5.910941935,2.474044027,75.82993307,74.52300573
1059,1.892911617,9.3879153,2.386384899,77.10027508,76.34183497
892,3.928914746,4.428650584,2.913597988,85.44389275,69.23956772
681,4.507434434,8.621397291,2.026900396,74.65551731,74.90997078
532,3.055618795,1.08096697,4.099664178,83.4626583,77.91985357
687,3.784511254,8.435926515,1.1349986,73.37349414,84.65906608
852,2.399296696,5.423045006,2.714086526,74.7148213,80.17966073
589,1.88333613,5.10447219,2.81354866,77.19893684,85.80408342
1087,3.458833025,11.05046504,1.298160489,73.88789635,73.07453989
544,3.921485315,3.762663061,1.945695387,78.14481021,89.30863645
637,3.79686141,7.102688412,1.984935958,73.47805639,71.17436888
1130,3.384105137,5.538993184,1.472122763,80.93280267,78.58267611
1012,4.127005172,4.103021115,6.621491404,81.90501262,82.92175731
720,2.930302856,8.400620659,0.843649837,80.12123961,75.80038958
1000,4.16444474,7.576471111,2.548514404,75.81130928,85.65982397
645,4.961317225,6.896207216,2.600650943,76.32152361,66.94578605
833,2.661567291,7.04576452,2.921576867,76.52459652,80.9966994
1068,1.93217342,4.367261693,1.603565894,77.41474058,78.9063661
668,2.978320786,6.57830562,1.728472244,75.43674355,65.13773766
661,2.238634447,5.661943863,3.489123034,74.81308772,64.97623692
519,4.466059732,5.070126925,1.183794717,77.64549184,66.70421274
884,4.594451542,9.582269902,1.676335013,75.93942396,90.81890003
876,2.753961207,3.707971954,1.037033422,76.62032179,66.07349395
437,2.771562128,4.244953354,2.574863639,74.70327777,82.72668941
562,5.014833215,5.788949859,1.436713551,78.61623415,71.5207691
795,3.470388927,5.204367907,1.661826554,77.43945926,66.25635891
411,4.723991837,4.928434221,2.07702151,76.13347596,78.57145248
592,3.74699772,3.927818794,1.297941007,78.02617352,81.54159566
446,3.307253008,5.31408285,1.85210283,82.32470999,66.73408761
567,3.295723822,8.562501415,1.278599174,76.83681015,77.7809109
855,4.242377363,16.19805823,1.158094943,78.50051625,85.42620023
472,2.399260044,9.065976919,2.672511951,76.96442168,70.95669143
459,2.939726244,4.486923022,0.282575146,78.17785273,74.95869533
419,4.859461148,7.125409616,3.439479267,75.0812051,81.34721342
618,3.584241625,8.552943729,2.401780865,78.43849361,79.05669741
856,3.605926478,9.14291051,2.233290042,76.22757027,71.85652145
649,4.014151431,8.529781299,1.844954846,74.53384172,80.18416989
577,5.20431254,3.293223429,2.477008923,76.00126731,85.95395494
639,3.332208403,4.759667509,2.703090196,75.87820218,74.49775875
1097,3.263316653,5.729700412,2.254573181,85.13079917,67.06606773
651,2.675977637,7.742830984,1.252443258,76.93195222,79.44417024
890,2.938635991,7.450249128,3.178262983,76.27410338,91.76623954
498,4.253072616,9.332457406,2.051651957,78.16759494,85.65286023
643,2.551171449,0.437223825,1.328064439,77.43910605,76.14603373
710,2.699468179,5.274682842,3.583818223,75.81025439,69.84886114
541,3.608153935,14.82745244,2.914700976,76.91178997,82.28987453
954,5.860496782,5.503852447,3.383211783,75.30037912,77.3467559
896,2.513038432,5.797918621,2.467792433,78.45587974,87.57606695
749,3.953458451,8.572121817,1.105582819,76.33352325,74.60905731
526,4.866115234,3.88441481,2.785692621,75.987798,77.70955787
790,4.184004643,6.65022028,3.371589141,75.75471662,82.96698511
500,4.067209527,4.767435187,2.093937148,78.6015774,71.81221692
1034,2.262998449,8.597487513,1.964521628,75.28954941,77.36354382
492,2.715544358,8.290523273,1.916423891,76.54525636,69.79325955
678,3.758494271,4.305269596,1.164467842,76.60670234,79.54656638
887,2.636507521,5.878944736,2.21226143,77.98889823,68.8904215
1222,2.382363604,5.880977165,3.099463868,74.03230358,75.25132677
731,2.702469204,9.410571286,1.524525094,77.03267174,74.2827998
545,2.295782293,8.104565865,3.085415388,74.15418003,72.72933256
735,2.563581248,6.82527905,2.437104949,73.7706489,82.65100796
856,3.701630977,8.08038335,3.812844106,75.73060846,78.59413778
405,2.695639572,4.442541668,1.863156568,75.95774293,81.94799392
942,2.159632871,5.180063569,1.374432726,75.70022881,92.24994727
689,4.434034329,6.534890429,3.215984977,78.3788553,68.80075311
454,2.942091505,6.68390132,3.769155972,74.5843194,66.47663086
943,2.430695344,9.327169889,2.299295657,76.66755792,84.4795503
830,2.259635853,4.749004491,5.016826864,77.54135899,82.25647627
719,2.701037098,4.595191752,5.11736375,77.05782787,86.11987149
737,2.853938002,8.194822615,1.846810316,75.65546788,74.76470024
543,4.133426218,5.380815941,1.309174957,74.90588241,83.38724435
533,3.065851748,5.083220983,0.919449683,76.11314431,86.2829865
586,5.072857892,6.695238148,1.32575458,76.80281584,78.07909858
816,2.4765563,7.148462324,3.075199937,75.19319426,81.58926998
566,3.739992153,7.282871013,2.754640877,73.54146224,75.18059922
896,2.577784106,6.364715857,1.768199997,74.47336116,79.32501322
596,2.547852721,6.331834372,1.894909265,76.00172389,87.69269983
552,1.602354128,5.379013382,1.49891613,76.33965308,80.31756643
1261,3.17766909,5.726965667,5.191521018,76.28534863,80.73850424
1539,2.091215199,7.826082244,3.169450037,74.41502748,78.87692375
438,3.326197375,4.326732721,1.271425401,75.67293402,77.89419504
762,4.359697538,1.240667218,2.196076066,76.32575418,76.83281728
430,3.647078399,4.154398622,2.407899225,78.60249022,89.36563123
1081,3.686152107,4.685084987,1.724076775,81.15445405,80.93797897
495,2.073846717,3.149150129,1.646737339,77.5038916,90.15148796
838,4.583028956,9.337592555,2.856452576,76.70743567,71.76176281
615,2.399981329,10.16321641,2.78011642,76.93075723,89.25354826
530,2.462534897,6.659259744,2.143219201,77.00206115,76.9921219
474,2.936739781,4.246148231,1.233374256,77.1697816,77.59322083
471,4.157110658,6.826671432,1.960192015,75.39052191,79.85192971
1014,3.478936922,8.535092946,2.94180116,75.4384286,66.83711453
951,4.571058636,5.125854072,1.429949051,76.74814247,82.49849145
1087,4.473210962,6.527666498,3.686225958,78.56219502,77.92499852
717,5.49752468,13.9785884,2.973556,78.71718609,84.29455488
675,4.700999195,4.351507524,1.825427679,76.26116704,90.68848051
1065,2.980682001,7.989946826,2.358523037,75.66719756,74.25740301
1192,2.274437462,6.564488973,2.164744648,75.35273642,74.83650313
557,1.948449252,2.837140011,1.680777414,84.83993934,76.91196531
471,1.934269127,2.8491359,2.333907616,75.66644261,75.07835811
687,3.194926199,6.362189797,1.163746692,76.86666523,71.68772704
671,2.218751158,4.208757574,4.461875073,84.61242005,80.513548
629,2.885798743,4.555053959,5.271442995,78.06314995,76.13350029
1295,3.172969327,7.840572621,2.220989079,78.12319878,81.78785215
1123,3.542710263,4.174901314,1.44427515,76.40633848,82.20608247
932,4.828158123,5.816936634,1.287245077,75.45658212,84.50036239
653,2.347640506,6.992379056,3.427513783,72.84517957,76.20425815
519,3.51292912,12.91485184,2.976630707,73.50735711,72.09054019
748,5.392817936,10.41229061,2.22430993,74.74211348,71.23002097
1399,2.826051793,10.48430856,2.899174177,74.33791757,80.12952679
511,4.188796437,5.754372171,5.899416511,75.86702095,73.04790758
672,3.835846507,7.319906677,2.570622121,78.35855429,72.4959658
543,3.479026645,12.04167994,2.184049592,78.79927916,75.99808845
675,3.422333958,7.404532545,1.795476117,73.65539974,66.65632899
622,4.189654712,6.390303756,1.483985541,77.68239407,82.18918541
758,2.386985356,4.015625941,3.853258983,78.0002614,87.26839062
730,2.455748309,5.740273278,3.158703074,76.40207062,72.32622764
688,2.499698106,5.624984422,0.894248814,86.14219812,74.96663059
1005,2.77296052,4.956239671,1.795571844,77.52444865,80.28620886
990,2.708299337,7.835401616,1.859362401,85.88197462,73.4532103
641,2.489557582,9.379791854,2.363186488,75.97751012,72.62568226
787,4.453019155,7.141396739,3.205892015,75.37565872,70.90025156
1004,4.791252356,5.804858347,1.799925865,76.98042541,75.28926597
627,3.195913304,8.27960988,2.452966331,75.60421924,77.60411811
561,3.638480822,5.429135428,4.128599959,86.35607157,67.9852639
564,3.941779216,3.727600496,2.598731656,75.46549511,82.58805183
830,3.690437918,5.649968443,1.510290738,76.0868141,71.5519676
697,4.071106188,6.066608528,2.959802201,76.03218284,82.67279355
533,4.182577794,4.031174437,1.575276432,76.45705878,75.38016176
668,2.400174074,6.884675907,1.274696396,82.68293078,68.77271076
852,3.536849329,7.695176744,2.319230699,76.47010499,83.70717273
1313,2.659313481,4.573863931,3.596897849,82.68188063,85.36252675
822,4.666796313,7.206471724,1.448706114,81.91022089,74.49113448
538,4.016252205,5.893532433,1.760767483,74.72085728,71.32541701
646,4.290860998,5.049533875,2.433030784,76.13610196,88.28980012
1555,3.93431314,4.740352445,4.704102359,80.01840017,71.88282159
943,5.063587265,2.387251668,2.063868484,78.28145737,75.80182009
778,4.395798479,6.252994088,1.693322243,74.91342101,83.34504814
458,3.040985586,3.493298261,1.470470631,78.44279783,72.13703635
537,4.190380952,5.888466018,1.411125802,78.28805653,85.95784668
957,4.647599754,5.786337503,1.381004413,77.24073376,69.73739705
626,3.310592981,9.499583268,1.904355627,76.1149094,72.66302923
888,3.027763618,7.17060245,1.585953066,76.56497978,88.38677284
874,2.701721577,1.762569052,1.734322059,76.32743495,84.61420383
597,5.031252626,5.131142543,1.766664797,74.7933444,79.13966155
1062,4.679656452,2.872015522,3.619698658,73.88150644,78.48334694
830,4.937412628,7.789243529,1.822369051,77.53849687,82.69568196
886,5.139919676,5.10371364,2.893591545,75.59499372,72.0787331
564,3.640336884,3.7951364,1.299103264,74.02340953,91.77852637
1721,3.217139353,4.173820833,1.475814537,77.76694386,78.5614695
1261,4.030530325,7.454143101,5.961709043,84.51530432,73.99271207
351,3.863922586,6.392786638,2.213875211,76.5604572,71.36323417
743,4.195356755,9.271164565,2.634603632,77.25981637,70.32538518
1138,3.91188285,2.918049769,3.032650513,75.82297028,83.43092242
1040,5.626401014,5.000212387,2.134543904,77.53425933,74.89165668
585,5.182253566,4.231804428,2.471570943,75.28607082,84.13519358
813,2.776082172,6.992621253,1.834924141,77.98790558,79.86000532
1011,3.789964215,6.921323387,2.157522301,73.87763272,74.89063998
729,2.185056531,6.535090033,1.398675972,77.29900725,77.25860736
907,5.392381546,7.709795099,1.07219056,85.17955533,76.09943966
717,1.886187971,6.228441554,1.834870198,76.27951076,84.21519153
960,3.652477513,9.395661887,3.33764326,76.6219092,86.44538724
462,3.783131695,5.071108679,1.874465485,76.51141285,82.39659205
725,4.384538677,4.745427391,2.500586695,75.98990968,72.48672346
899,2.463034261,5.814229398,1.67185092,78.58509988,69.05138809
605,3.589869656,4.111725288,1.685978249,79.1889183,77.46995399
936,3.364813897,6.182247945,4.417287961,75.49151562,82.58005316
441,2.851823711,6.93098577,1.840859969,77.44959836,74.92257435
796,2.748740549,6.85134519,2.404892457,76.47380717,78.91911621
1163,4.471249766,11.23116472,2.72629297,74.79618858,71.95516117
873,1.786305719,5.720598651,1.144848586,77.8061761,69.76706881
523,3.528346577,8.289615883,2.270834353,75.54250058,79.76665969
675,2.785797256,5.463946609,1.649817197,75.3972787,82.90745278
514,4.619813244,3.889719538,2.467730721,76.35375813,84.06762499
1027,2.819701432,8.986408676,1.452526157,75.51296896,82.06156183
952,2.125976804,4.091052236,1.116571647,75.22977884,88.18107978
477,4.832218474,6.1685357,1.621886363,77.61154168,68.75827382
673,1.9361475,7.017467667,1.442004696,83.11082102,80.36204034
572,3.695789642,3.340985138,1.336450528,78.93458332,77.08039065
784,2.671718177,5.909397636,2.897564768,76.74116698,87.74807081
692,3.038517727,4.88129699,2.522776504,76.95906542,84.29126743
1017,3.012462092,8.602545849,0.293467804,81.80749263,81.2724523
539,4.871286093,5.502177446,2.096815124,82.11611649,80.09214062
736,3.063921039,5.087735982,1.951395967,75.82484171,92.51720745
696,5.005686718,5.304703311,1.141288383,74.49269849,80.86103604
537,3.370731922,5.567769537,0.753534341,77.65419921,72.05583262
524,2.822507342,6.754806715,3.378652142,78.33987839,81.58397508
1230,3.881478221,5.806083308,1.179933034,74.96129218,74.06775163
763,4.573668952,11.25017967,1.267190511,77.95938011,81.20344843
406,4.170089345,7.356897576,0.949770423,75.99094082,75.32884665
1201,2.527674515,6.366394951,1.809504422,78.25238163,75.12064635
512,2.571315787,11.50882253,5.953897233,75.21503065,84.6872992
694,2.44334284,3.431380438,1.503287509,75.86925912,69.48276933
1188,4.746415322,6.426465339,3.482568659,79.93890845,70.03112179
1085,3.24649973,5.179994919,2.752542144,78.46935297,81.41707114
724,3.35560435,3.259426585,2.577305969,80.24734972,75.32090633
975,4.705015733,5.242661437,1.51377409,83.02781118,71.24984553
370,1.937570379,4.531937223,1.470269459,77.05104996,85.805921
449,3.956200986,1.329914812,3.014726171,77.44956559,83.33786586
762,3.39591545,9.290477119,3.570585574,77.38551662,81.66920298
828,2.017131322,10.50051127,2.868029014,75.49229328,70.12791552
1221,2.637679455,4.235191235,2.031874033,73.90321678,82.45566232
984,2.005240269,6.874849554,1.550618682,76.0311284,84.27614314
1184,2.611821436,6.882226933,2.148530188,84.91773151,73.14736706
833,2.168215301,10.16360856,1.516405007,77.25244776,79.42518405
965,5.105006947,10.39253786,4.772597043,78.10194151,86.79102662
1050,2.832184742,17.19333601,1.852760222,77.63478827,76.97216604
561,5.032525632,7.279273134,1.738238271,82.3678456,83.66980865
714,3.474915369,6.34274579,3.491896718,76.93038615,88.99057932
475,2.944083804,6.583693308,1.525618624,82.68646621,79.57409024
628,2.797841464,5.295980094,2.986523695,73.07673346,83.44774008
567,2.095878913,7.660523074,2.673228972,75.93317247,75.26196988
854,4.288756094,11.52432386,1.321913582,75.16088988,80.16701326
1505,3.854729935,7.498181344,2.179491579,76.5245827,73.36901706
859,5.543896803,5.705327234,1.873940634,81.43099809,74.72796515
1104,1.781618704,5.858080635,2.239411346,77.3656668,75.38704582
1487,3.669765545,6.267736457,1.959287229,77.45640416,82.46753113
1138,4.249203226,4.783759716,1.959732577,77.95324049,80.42583523
1523,4.770578119,7.388260399,1.498954977,78.51375414,81.42597009
508,2.789566889,6.39399614,1.722387961,76.95307924,88.49009713
1114,4.648001894,4.565012769,2.377323999,77.79056204,76.67879283
665,1.789119309,4.884568043,1.976354951,75.21147939,74.83796029
605,2.698895666,5.725955382,1.470174167,76.71174066,82.34528002
721,2.216376875,7.973538692,1.33037991,75.56704492,66.63755816
812,4.049198175,5.285120273,2.461277136,75.21517809,77.2191253
696,2.716795421,5.410542654,1.976036896,83.28279484,74.86273454
701,3.493208805,5.421514891,1.400364459,76.23112028,87.67276922
901,2.770540049,4.748631229,2.00871388,75.07806645,84.99277492
461,4.380925508,5.979608225,1.390474006,76.15678419,88.10394061
605,2.219443575,8.013817702,1.821858271,73.79633735,88.24688935
550,5.132414217,8.157698634,3.060459188,76.02009705,71.30229209
547,2.302282831,4.60181559,2.528199662,76.27300622,70.74148054
711,3.030602932,8.77531637,1.751713235,88.6816663,86.13202085
468,4.918316114,4.747907755,1.215721311,76.95625668,72.51422884
1082,2.157115795,13.00920013,3.018223704,83.1778086,83.38616172
1054,1.948282539,1.881044904,2.772113941,77.31023327,79.57498676
500,4.368021532,5.915670276,3.215268146,75.94708313,84.21949231
920,3.451914305,7.491181103,1.854833221,77.27054665,91.17179996
587,2.26867852,7.543459816,4.141931526,76.15162521,74.11026851
483,2.689386112,4.618761239,1.696358672,72.69714659,70.97234931
544,2.21165924,3.709624617,1.507074213,76.95508731,76.0339645
764,2.425454735,10.38884735,1.906345085,84.89775063,72.65488327
377,4.531292243,4.751052086,1.52906439,75.79751223,74.02978466
1156,3.898324115,4.304632774,3.026546337,78.00643657,82.77512611
492,2.178504237,4.467054907,1.921672008,75.01128895,82.62090107
756,2.109441367,4.70715161,3.055282608,78.27122746,72.1582889
563,1.901561783,6.653823672,2.597345359,80.95725011,84.13029355
574,4.493266715,4.937566666,2.724779135,75.85738097,66.06225188
430,4.495505889,12.87556147,1.435589213,76.02259506,85.10806735
935,2.813090165,4.569830543,6.315904619,74.13699942,76.33953
884,2.905289867,4.925908245,2.310301854,82.14430303,81.3216981
832,3.093388526,11.6300182,4.81840916,77.15381722,76.6537226
696,3.474530509,9.910021861,1.987409897,77.05217775,72.35651772
1045,2.672748504,8.071249124,2.336877626,85.13664924,67.83279003
837,3.499285037,5.389177698,1.225570354,77.73127159,89.31959012
1245,3.997609193,5.160321334,2.024324151,85.60154464,75.89127807
587,3.000196735,5.751540637,2.819892706,76.8224092,83.82455664
600,3.997153182,6.770917108,2.8778778,75.53698686,76.05282146
956,4.265918821,16.16741032,2.863094702,81.7334265,83.47730467
610,3.699904418,2.994058477,1.464873665,76.60083998,82.49583888
443,2.846958592,10.20011011,1.334336962,76.32597803,82.34291024
965,2.782130206,10.97095012,1.915060649,84.70251815,87.41394788
903,2.367511939,8.953232306,1.126427803,75.40819095,88.85491357
719,2.694982054,3.781255827,0.835457305,76.79639877,75.85256709
973,2.183900268,5.793053328,1.62232885,74.07021701,90.88778439
1223,4.795753145,7.022433402,3.164658305,75.876653,91.11461104
640,4.993839255,5.618760299,1.422758349,75.29334327,71.01179588
505,2.795242682,6.52138797,1.873542377,76.69985018,88.00494179
415,4.806331464,15.92429159,1.193400538,75.35062714,69.17816274
449,4.723734548,5.251211384,3.367963022,77.16860486,67.32480041
769,3.10027592,6.703659758,2.904821346,76.83527267,81.91189848
926,2.759452967,6.268707222,1.88994106,75.26128969,77.37454421
1367,5.065403635,8.001656563,3.550595583,76.43709058,88.5211447
811,2.591548481,5.559935659,2.633080618,78.86876666,73.07189434
868,3.945356561,8.350786424,3.069377381,74.01045728,80.58477605
738,2.915399874,10.30663789,2.796717592,75.56524046,79.63856416
804,2.103188062,6.78925009,1.658911748,73.61352858,75.1132127
1092,3.266663904,5.419589188,3.204079119,76.87765231,84.86430296
842,2.940253006,5.160081976,2.770886359,75.02628984,69.20055936
1010,4.305403634,5.070905679,1.842041305,76.94053514,76.41978465
730,1.764367962,5.684769465,5.167029476,82.56907233,84.16267034
850,2.880956692,5.456577415,2.752962009,79.94571004,88.68733618
1154,3.594084128,4.143899648,2.436834939,76.98405055,81.07559255
839,3.786131832,5.316490345,2.555136391,75.99817364,65.90241534
685,4.114945313,5.343129574,1.488113046,76.23345802,76.643773
1376,3.43536474,4.177933396,4.356421065,77.06123732,73.33203144
1006,4.089136913,3.364025865,3.704579692,76.01509161,88.07287341
700,2.691592394,13.97572009,2.441018644,77.65868485,79.61313381
560,4.899979447,6.7273674,2.760673326,79.08596957,85.62175824
672,2.778331808,4.95837802,1.536970457,76.43696218,91.55710081
734,1.788247292,6.718904143,2.896118656,75.01353097,83.74150466
463,2.861510236,5.498762745,4.606841526,76.996608,71.94730193
551,2.88006207,4.752596691,3.071829494,75.46191585,77.09837371
655,2.100743775,6.55173571,3.183521864,88.03160787,72.76380055
756,2.918155135,10.59431453,1.505825488,74.81570025,81.99455292
426,3.189163223,12.4395107,1.663568419,74.18298764,81.72142229
484,4.247630981,4.19189898,1.514894924,76.89737747,71.01255841
1182,3.4242095,5.759443555,1.616225355,86.13557707,71.01258254
516,1.787462291,3.99897904,2.59825678,76.91056042,81.1447367
407,4.690965333,5.514238582,2.125644855,79.47121068,90.56317593
888,2.924578349,11.68834341,1.044962848,80.07177429,75.68136644
833,3.735580053,4.628942595,1.875528413,76.96233914,76.94114681
1013,2.311039912,6.841834462,2.330131862,76.50269707,81.09396683
975,5.964634853,4.001450229,2.460978948,80.72766755,80.23123486
365,1.91309338,4.959356497,2.294792348,76.12035491,75.14105277
941,4.517573854,6.153299141,1.514070622,78.28664203,76.80304116
791,3.939635618,6.450641228,1.480922825,76.97811776,65.06889819
1333,2.590215557,7.943532404,1.894158474,76.54486614,66.55135845
624,3.960863527,5.624983539,1.924659209,77.6505954,78.25000108
560,3.789305234,9.239557952,2.858714526,76.1148578,75.28376108
624,4.371396065,7.722964043,3.545860106,78.04691719,68.58735904
1112,2.578227847,3.572181238,1.194892265,75.4631338,74.77771453
1544,3.10707162,2.966027133,3.552740205,75.95824703,88.66927401
644,3.131404814,13.04626635,2.672960842,77.17601339,72.33692208
488,2.263307748,6.058194264,1.120330817,76.97497967,83.61007349
480,2.806491373,6.913741951,1.735515452,73.69021235,81.77604112
599,4.201220707,6.293175238,2.619003232,77.52374414,84.50833778
812,3.110061318,5.864402332,1.316039121,78.34043752,89.33013981
698,3.722387521,15.15492515,1.695858616,74.65001299,83.96069734
492,2.271594385,8.383693602,0.625888424,74.65196278,79.66845001
834,4.361821517,7.993493268,3.051833462,83.13707312,75.6243826
812,4.408775679,3.111075346,0.759169429,77.57117427,77.70562208
423,2.158866325,4.675916427,2.532861811,76.60483239,77.40174631
926,4.13409555,0.843202144,0.818721659,75.28394155,78.33817578
847,3.094886423,10.82401294,5.551059647,76.22554928,76.33078479
1078,4.112325285,3.802217463,2.881646827,76.55356858,75.29497818
953,3.782185338,9.728329437,2.88363239,75.48532746,78.79367791
1703,2.973447779,9.823549086,1.474778154,76.57127709,72.90696811
586,4.068135508,5.859552155,2.321676977,84.0531,77.12418178
963,4.32160033,5.149283215,1.446122732,74.91684513,72.88817315
564,3.613703143,3.800718848,3.081199521,74.87979309,84.96954227
903,2.230006757,3.953842384,1.558981155,86.7419673,74.92326422
1597,2.888037552,5.405866357,2.129404985,77.72070373,70.99119813
922,2.429554752,7.803858545,2.962969836,77.04847181,84.12878701
675,3.427437985,5.75603778,3.392343644,74.75095337,75.85563992
629,2.95822024,5.257375772,2.501892136,85.54572035,78.3446003
416,2.657514597,6.856036223,6.300309285,72.58472965,82.88622071
689,4.017338891,7.909809558,3.346292314,74.42957465,80.56400211
790,4.612273585,4.556134548,1.252845627,78.65856987,85.45534961
502,2.36688499,3.366672101,4.734082823,76.51977567,81.93672239
784,4.333658486,6.633997864,1.480859928,77.57833828,76.35219697
738,3.065173326,10.50493141,2.478620905,77.0626013,66.46931644
560,4.505917128,4.101350122,3.420068276,81.89803526,84.71245079
932,4.757581438,3.437251073,2.28854701,76.01312907,70.23849981
502,3.741823433,6.236458733,1.536509219,76.11609301,80.00249046
1188,2.259395425,6.624838273,3.539050327,76.58949194,74.94167511
943,2.958270114,5.75644599,2.206570227,82.61941515,81.72459023
874,4.2652674,8.057886971,1.488480717,75.91107526,74.29145579
1571,5.058297608,10.84075643,2.345315602,78.74812844,80.39711087
1069,3.282797525,8.40878366,2.93042922,77.24140728,76.17543308
641,3.641681784,13.84966021,2.836152087,77.08251735,77.24453359
1169,1.721164967,3.002388163,4.796556747,75.42421048,87.54591938
871,3.191390746,9.358875191,1.294105577,75.35611362,80.56448171
739,2.464748241,8.192445879,2.752651989,74.69714115,87.95084449
1199,1.580588357,7.630737153,2.880732999,81.7087945,71.27775434
1468,4.38504476,8.352583835,1.365871224,82.67690358,82.14950907
445,5.046547159,8.73534253,2.686817544,75.7140097,75.41850522
569,1.194679922,4.130574568,3.060820056,76.35248461,67.32286239
894,3.747370275,8.611308525,1.892706549,77.00767433,81.9721925
1022,4.090003881,10.27058531,3.109484864,76.86050364,77.60563489
892,3.697380019,6.039904454,1.21608772,76.52026377,77.60951204
589,4.686890813,5.143576997,6.168389979,74.41448099,66.48469602
894,3.590043908,8.50727469,3.156422368,82.33773758,85.59917927
1175,2.699998369,6.351226899,1.09818195,75.06614722,80.00302764
736,2.673269827,6.969050076,1.61007633,76.91970866,86.45018066
490,3.150068783,8.161035534,2.206756159,74.44654802,87.03776144
1142,3.814544911,8.569634313,0.997568785,79.19254606,77.59759848
535,2.817579099,10.98904739,2.877868425,76.49526601,76.44202528
680,2.707680171,6.802372606,1.944878734,76.06532811,75.26841853
521,3.862178914,4.125374513,2.088210858,75.43733017,71.58877479
565,4.667232182,8.519355288,1.913568907,74.88264032,77.94161167
1148,4.803704531,7.179431299,2.536912404,73.20584815,88.45221713
435,4.411910331,6.621208411,1.186605013,74.3347194,69.78693265
797,2.504279702,6.745274716,1.35598961,76.18601425,77.67260746
772,4.280727005,8.56211624,2.863629272,83.70134463,70.17745785
963,4.896381226,4.716201986,1.509892995,77.88541777,81.050113
560,3.355520327,4.968843829,2.775172188,75.21945733,73.22432051
562,3.316979091,4.998927423,1.779013138,76.56570824,83.53378381
628,3.864148008,4.598943456,1.559997663,75.83446268,75.76058166
1046,2.633548973,5.923292372,2.319850203,85.48918139,84.61754626
528,2.560951639,6.205860559,1.854582728,77.2184842,82.92972119
562,4.178762252,5.528649141,1.937616385,78.05199643,71.30738794
558,4.362163575,3.403608952,1.783791897,77.8584148,85.91592625
857,3.831351927,5.561266916,1.784548486,75.85837917,87.51319078
585,3.84847364,6.304896212,1.338106776,77.4656407,68.73052885
1019,3.867937985,4.378750631,2.730909991,77.83274744,77.83307902
412,2.185040551,6.965932304,3.228227435,76.41846056,77.344276
893,3.427799073,5.380238955,2.732971812,75.82260265,83.11344069
561,3.181774329,3.683978105,1.596879236,87.3673299,67.31788661
651,2.888894594,8.666647273,1.235879323,81.52425894,72.06268918
1443,2.214684081,5.812923232,2.800331448,78.00821459,86.71524698
830,1.996516077,3.574701025,1.436469536,78.20235107,75.50410148
687,2.786011084,3.598678155,3.207801818,77.21461684,81.02542684
585,3.635028968,5.104325758,1.918306652,77.14626771,74.17919888
629,0.723874081,6.467710666,2.045973153,77.72797689,75.7672727
614,2.203560966,5.563710593,4.285788502,86.69741517,75.35183241
934,2.073483187,2.741459296,1.554343914,77.06067188,89.71325015
1038,5.091286894,7.259548492,1.458766809,77.88128104,83.24156758
731,3.437051509,4.543386873,2.777227679,78.75660065,76.80642708
662,3.030826504,4.475573341,1.72290076,77.75151952,73.39735005
446,3.298320651,9.218975476,1.983092649,76.09960642,70.18376511
1144,2.038097829,6.693626674,1.621913708,79.43299781,79.08675489
936,3.368351453,5.636977659,1.849695861,84.53386987,79.67678303
1247,2.458050474,6.248967895,1.623272981,84.15080377,84.17854369
780,2.286741379,0.027141252,1.889306075,75.71208828,84.81798804
484,4.563868436,6.839701412,1.172364982,75.30026942,75.08714035
1207,3.556122501,6.75356416,2.096464544,74.79710914,75.53006077
690,3.399079825,7.637934154,2.370713117,76.38392716,84.2055828
1002,3.812445073,4.767862679,1.385823911,84.14814375,80.57241712
753,4.714963547,3.952941773,2.716402271,73.92030646,88.08852175
631,3.272034562,5.433141534,1.72008001,74.28430227,83.99380244
1498,2.041978398,8.287842476,2.569864795,75.27176034,68.40250221
745,2.990190318,6.767368214,1.609407751,75.48700801,75.89912834
730,2.440041021,5.737207351,1.498304274,76.18420108,84.02429676
1216,2.731588937,8.210706759,1.542383507,76.16773079,71.2675357
1006,4.392708631,4.840527747,2.978641669,76.25713703,70.70866609
823,2.080203637,7.236541038,2.573919401,77.34109804,81.94345215
435,3.372937778,6.44656455,0.999483443,76.91528665,71.52113101
1302,2.941067958,17.85757714,2.753861367,76.70740088,68.51648617
625,2.984784621,7.627728857,1.617953537,75.91531157,75.59416349
997,4.644626094,2.495695063,1.805796602,75.66443527,71.45451683
601,4.893426178,6.889160228,3.506901036,83.10394332,73.67576983
855,3.015968821,7.73405177,5.054031879,76.2794401,83.03457194
890,3.88657045,10.7916267,1.845832095,85.55490039,81.79771113
1412,1.951212323,4.580445076,2.391631124,77.93453742,80.82869404
1264,2.808550273,4.985001994,1.215465125,76.92144073,70.42591691
846,3.430802296,7.839033099,2.303039199,72.52506835,66.96751609
830,3.112461092,8.378062603,1.879586846,75.85280399,84.36936775
479,2.373530332,10.44519947,2.406142591,75.21962911,86.41091644
695,2.363576728,5.0049538,2.328237354,81.54064159,89.08511689
908,3.655443573,3.366172744,3.730178409,83.94273091,89.39439402
420,2.04768311,6.693278733,3.297599961,75.75845523,78.5131124
564,2.905374718,2.452990103,2.37268812,84.01005944,79.76890873
563,2.422909204,2.283549744,1.282523899,76.42370803,71.63304733
911,5.22123334,4.064407885,3.851244114,77.97474634,69.86222863
773,4.241711279,6.816608561,2.820708624,77.93188908,90.93829181
774,3.026612266,6.000629759,3.015596525,75.2061825,82.93215157
714,3.22567756,6.530696143,3.417860183,80.1602429,68.40572064
746,4.13849904,9.820866409,2.572824281,85.47004861,78.28112061
780,4.098928651,7.104087698,3.188662145,77.22609377,83.57157264
1003,4.074410531,11.75558817,1.055412772,78.04531584,74.07035342
611,2.412724811,8.741044994,2.923178562,77.56124371,79.38356461
430,2.518882277,10.99146808,1.776370249,76.54898725,71.55566801
482,4.398258904,7.876627058,3.146042956,74.39211739,85.1360115
756,2.128777507,6.829512488,1.72699971,77.77819836,79.49552335
805,3.064387449,6.426716563,2.728679915,76.58097635,90.15732221
896,2.075372901,4.600904484,2.064670258,82.70672832,76.21299943
107,3.512235723,5.047615462,2.05320502,76.40848807,71.593851
1031,2.601735452,9.338890774,1.278100545,75.73882297,75.24150258
653,2.417051699,10.72919922,1.431353729,74.97918962,66.67468462
757,2.281362359,10.17170959,2.67345587,75.62873079,81.72423365
1015,4.206569004,7.137234818,3.873281371,87.6044637,78.63834678
933,4.342108468,5.474671541,5.331663593,74.48068783,78.93130749
1240,5.289703506,9.701355967,2.020789489,75.27996815,81.98663561
1084,4.411897714,4.431214194,1.523218859,84.75189444,79.09158354
875,4.183493741,5.387338153,4.156244215,75.34739082,87.30218473
427,2.183279299,6.656093476,1.603486622,75.8430554,71.18833226
430,2.726980432,6.17634808,1.677279733,77.19995785,73.45099061
946,2.337909938,5.878699254,6.107326234,78.05562273,81.37253081
407,2.881305891,8.857888534,2.504613647,77.31905845,78.53757174
698,2.886641016,4.184017163,2.163714173,76.60273948,80.04467055
876,5.055936123,4.843709117,0.194777223,77.30806779,84.22871333
743,3.643120043,4.598090943,2.316883501,84.76639897,81.48463665
918,3.72753667,5.725746926,1.251928278,85.30035529,88.19799227
549,3.011029651,6.062969856,2.030580855,77.91743856,90.54905993
731,3.577254688,6.90674584,0.917192183,77.34100628,79.21713514
1089,2.997760567,9.777195734,1.479159249,76.01802321,72.29080691
792,4.965157046,1.508758835,2.819937671,76.21432827,76.13780248
385,3.569676449,6.776919197,3.466168768,76.0859113,80.0466679
909,3.278279333,10.02543971,2.255294351,75.20381983,79.50209158
565,4.009236288,7.250088287,1.262515649,80.84140655,88.41079551
1342,3.477200363,11.77298364,2.173836253,75.78421771,77.80046151
814,2.959022819,3.345767556,2.800735973,82.48580619,78.06744326
1206,2.612000056,7.525254613,1.84398253,74.99466545,73.08399657
1539,3.410239721,5.203083121,1.269555016,73.87576467,70.25012679
1099,2.884013108,9.056238295,1.352313926,84.16075411,70.66590009
613,3.463984908,2.997292406,2.232984918,77.90667956,73.44434165
881,2.178533827,0.899862461,1.489932093,76.00964496,73.71060029
612,2.415178738,6.024337863,1.088027132,83.60256749,76.92363269
1043,2.582667268,3.862824638,2.8012803,76.45482466,75.08076156
1209,1.955752111,13.12674535,2.031760802,75.21807906,80.15683607
1500,2.194158172,14.62578583,2.774353109,77.79743934,81.09858898
427,4.791220304,12.8932429,3.971395958,76.67386524,74.29248203
629,1.844226502,6.115239181,1.923118468,77.24620752,79.32150025
811,2.736315542,14.92923307,3.46663183,77.21035113,82.13999068
673,4.079282003,10.10060758,1.770596506,75.80543593,78.21382211
532,3.439435451,4.104356248,2.056809663,74.57064059,72.14177311
683,3.009257083,5.096734689,2.43463835,76.83332336,80.66480457
1495,1.916789401,6.764545765,1.855877078,86.4009998,84.98383446
530,4.142201027,3.921240347,1.340232596,76.559611,84.97797215
882,4.797665089,6.648554967,2.115840613,77.773758,76.36930837
425,3.722782908,9.829122756,1.652531441,74.93767018,65.93598334
467,4.222655174,8.440219449,3.505786067,77.14384364,84.8806235
616,2.382571607,6.016405415,1.694705352,76.31290799,83.84047543
1057,2.237830373,5.631611519,2.505174678,74.52949593,76.76005885
835,2.124394121,5.155437248,2.852445477,75.61807893,73.22535685
996,2.99763347,6.829980443,1.27723106,76.58964769,75.56267266
854,2.695827213,5.316082452,1.430784447,82.52314616,81.5485284
511,2.828012427,6.733154574,2.304252397,75.05641772,80.61237233
693,3.387697748,6.261640983,3.675570738,77.33614706,74.73009253
1073,1.87685147,3.577373275,2.113144528,75.93163943,79.57459494
803,3.482161494,7.624078455,1.63389864,75.96278945,69.81883981
802,1.792885643,5.180774682,2.915686181,76.75051088,74.31600364
1448,4.0500336,15.75552246,0.880188041,76.32156842,85.0013187
560,2.690929669,6.237932353,2.64545526,82.8450686,82.9002576
510,2.538706748,4.610000404,1.625133356,77.86985757,84.36969319
514,2.485941825,3.363849218,1.829799957,76.89787343,86.6543582
776,2.924142082,16.77034624,1.141069925,76.86188644,84.86031415
873,3.718858316,5.202400376,3.021221234,77.91516798,70.03548261
728,2.445867699,8.959170791,3.552215437,75.7381036,74.46553233
1227,3.103696214,3.600701079,3.304792681,75.68609919,68.59585288
768,1.741204762,6.508533819,1.371710033,82.97883182,83.58024294
509,2.307048408,4.98229629,1.905502558,77.1643274,86.33344062
455,4.275140034,5.533796414,2.295824623,76.47541793,85.95135427
1372,2.528542769,1.497999474,6.485329888,77.05722227,84.16876326
511,3.120438713,3.536205339,2.66415618,86.22837001,80.12154551
780,2.239095406,5.068516167,1.703423067,81.50411714,75.525193
599,4.348071486,2.448712918,0.988655815,83.75239528,76.61173455
939,2.005568539,4.767052015,0.923775085,78.42468606,71.92030041
993,4.044885962,5.731377535,4.483088424,76.94835051,78.96960613
1175,4.269296483,3.986684336,1.977645049,77.31422711,69.84117247
484,3.807249953,7.708114096,2.56784097,76.41972968,71.83194329
814,3.591057854,3.706322583,2.834882838,75.05138246,89.88570008
982,2.937975199,6.808336612,1.612850002,76.50483347,71.20984123
856,3.693810711,7.75401382,3.017670766,89.25659359,68.53994774
528,4.75810559,6.845099456,1.982401862,80.71058576,76.40297877
504,4.164169345,3.858399512,1.573525132,78.15414092,78.91368858
931,4.081100981,6.30706087,5.853354098,81.39530997,89.85764539
704,3.680790974,6.163113819,1.663861133,76.99204812,81.51975691
1148,3.851853587,5.872396799,0.863478979,77.20579769,79.60434813
647,4.723826806,7.574268732,2.669886626,74.66964329,74.62343534
864,3.110964793,6.211863771,1.17591487,85.89709654,76.3079623
613,2.756594889,6.603467633,3.330453919,75.67648747,79.89796865
1523,2.540417945,5.518075039,1.465898315,74.2270468,76.2536055
983,4.062762175,3.539980941,1.447100715,77.89601995,82.24610557
927,2.684138286,5.205386964,2.356997068,74.7179976,78.07027033
506,4.665059248,6.110838029,2.969254637,86.28169606,73.35126517
821,2.923823814,8.528407415,1.638165763,75.1957196,85.101773
722,4.401402898,6.762705513,2.259971154,85.40494393,78.98562583
531,2.802313026,6.147240876,1.565430093,74.82728197,78.32624559
576,2.455174353,8.679799535,1.926249071,74.8162054,75.48203731
1054,2.380290475,4.247458211,2.030513103,75.5453703,76.83200846
869,2.51062657,10.88753759,3.398556064,75.90749608,81.4505711
1523,2.72398817,6.446409405,1.597342384,75.69998407,72.00729408
741,3.455937253,5.949740571,2.712773454,76.7996079,74.8911141
714,2.814501754,4.877859239,2.977171491,73.78080194,85.10305454
568,4.604538357,6.559951035,2.722068866,75.96607646,84.41845673
770,2.2608448,9.425363301,1.539468586,75.7964359,77.40665153
795,4.645229887,7.290545376,3.686310118,77.98629899,81.90119449
597,1.934832258,5.40029382,1.346047448,76.02562026,86.72938822
1155,3.956376535,7.072879686,1.419524667,76.02763518,78.45606516
754,3.29623845,6.148235012,0.978269813,75.64467938,78.21695196
636,4.249385432,7.235523522,2.120424127,77.12119046,64.14440978
658,3.547233272,9.309468773,1.889764805,79.63688411,86.91893524
658,2.50222075,3.366303446,2.55959595,76.84634508,83.57158358
1441,2.346734982,4.596499726,1.341467212,86.82398978,75.2150024
838,1.913384341,4.81660743,4.972876182,77.51225942,79.03303158
683,4.880416254,5.694765689,1.717563732,77.14159343,72.15790006
608,3.300862349,4.965647061,1.586156642,74.94172087,71.29774442
1111,3.040786797,6.202104486,0.837955999,75.51875793,74.71632133
606,2.065472754,5.872413071,2.430275754,77.74472612,79.09782635
519,4.705668306,10.64308048,1.658815376,77.05197516,77.00550862
1088,2.347766803,7.017736366,3.258199368,76.52202242,76.06278621
640,4.483560331,6.790050955,2.158611417,78.0578914,75.51278525
527,2.814580935,8.432529839,0.80762259,76.35127097,75.4964995
913,4.565929393,5.183831432,1.950212064,85.58344939,86.37169711
754,4.365383174,3.651644596,1.499063231,77.89174166,78.47773376
309,2.998872497,9.378140341,2.215401507,76.24294462,73.73436373
1118,3.594589431,6.925557533,3.393125116,80.08546894,68.8818132
1606,2.104721258,4.404406842,2.056571294,78.49306767,71.11678158
991,4.069323273,6.264664424,1.543488818,75.20121147,82.34342504
824,2.712242229,4.206174243,3.449774441,75.71107285,84.92637957
628,3.929800733,4.72784504,1.78263555,82.98984938,75.23122643
606,2.828192336,11.62981815,3.505674715,76.92139068,65.24827987
638,2.615483227,5.068611923,1.236515575,76.02573758,73.06879373
1177,4.570124682,14.18801708,1.616497653,76.05774736,69.87673347
591,2.139609263,8.212124976,1.494444905,84.82651568,89.31813015
727,3.030411425,8.25887894,1.890491554,80.65878384,67.4294646
788,3.271455264,9.214695573,1.3231722,74.24369557,72.71796648
452,2.896119588,3.607926262,1.815122524,76.04180298,87.24173025
850,4.221118376,5.803711725,1.432639246,76.09645419,76.22980559
767,1.963516858,3.928598238,1.094184448,77.14680812,80.46783106
523,5.442476271,4.899807862,1.899100684,76.56963952,71.08299027
567,3.880677771,5.604071706,2.038689834,74.33667944,82.76467041
1235,3.412709616,4.810563082,1.556489434,77.35550864,71.66020034
882,2.454746953,8.146919732,1.111995716,84.47572957,86.11818428
728,2.64530945,1.172429464,2.090395086,75.5616888,83.43203703
825,2.534809838,4.373351919,1.433452632,79.18062775,75.07735207
558,2.97140723,5.978609962,2.181050175,77.52563221,77.50436672
758,5.132882076,2.839981723,1.07500115,76.93216565,71.94674981
770,1.861567972,3.744753617,0.179036348,76.93771103,80.40789166
1015,2.96386188,2.237735996,2.891221514,75.85005156,75.74756456
760,1.881781387,2.417957022,2.195709318,76.22883519,75.0599332
1006,2.554179176,6.993121905,0.872735051,74.26231094,74.36705195
662,5.054411019,6.988442156,2.062073846,76.27166024,82.33485855
947,5.082838292,6.711144037,1.5187189,76.36287747,78.51582515
710,1.924315265,5.23612824,2.920442322,76.32040495,87.7594958
1011,4.573441518,11.46970353,5.786509856,75.32064016,68.5780808
477,5.000224574,7.095683961,1.147644459,73.4461581,84.28654302
406,3.642530507,7.165682146,1.755652548,77.72442027,78.9118282
947,3.627311652,6.021423377,0.916075248,75.41249947,83.85940729
715,2.590158543,5.261121197,2.286131113,75.83658261,76.29688631
451,0.639492866,7.055040591,3.041709488,85.62915099,82.33418748
752,2.542300288,7.926538867,3.670613727,76.231089,71.91559564
881,1.995732519,8.432860834,1.7211308,82.54875596,81.4926673
422,2.932812018,4.885241406,1.464614506,83.58156785,81.4212367
879,2.873419667,16.45055898,1.56925138,75.31897175,69.17599692
466,2.656824396,6.580227384,2.685347802,78.387937,73.95772563
1024,3.840733999,3.454864768,5.702993119,86.72536486,84.57800206
752,4.243405773,3.028921874,2.682482034,74.32745219,83.65438671
932,4.342642965,4.70384704,2.155747571,77.8827127,86.92718668
1692,3.563361954,4.443019687,2.225162801,78.19391986,77.78509919
650,4.941298477,4.889321453,1.524629007,76.54827988,82.79462861
1405,5.336767147,1.358919599,2.593690899,75.62830682,82.16029105
1109,5.40095734,4.990436562,4.070965865,84.92012396,69.50722179
1110,2.746895064,5.912034856,2.916106949,74.10774029,70.64119625
828,3.299317902,9.515455728,2.264382849,76.80383757,77.8612657
570,2.430015092,7.928763746,2.157161733,75.66652052,87.3897552
458,5.09348572,13.3621429,1.605726429,81.58136291,85.60081486
677,3.277467593,5.379075964,1.243165123,75.54849518,78.75349725
1087,3.848176387,2.584753375,1.713808451,75.91858368,77.46053814
513,2.411272703,7.567013806,1.722684032,75.91462982,71.70386578
572,2.6546409,13.29891868,1.468507132,75.78404582,86.49121233
581,3.37547251,7.5891197,2.92747998,75.22802577,81.21226532
888,3.139702432,6.551796509,1.470331944,83.96437627,67.6987335
867,2.767052496,9.885672267,2.738814527,76.10050041,71.63463411
629,4.226210174,7.429740548,3.239842365,83.72510292,79.41139505
902,5.436147799,7.024751841,5.609001102,81.08586581,70.68267455
982,2.176322235,6.394680869,2.45383152,78.73355789,81.00386036
1167,3.753377894,9.535055539,2.442401975,74.43814004,73.89549303
765,2.319332761,4.87840009,1.177788977,77.723481,82.6826629
487,1.932906459,6.817267264,0.95411474,75.62299487,74.80294551
431,2.048145306,6.050742367,0.796055245,76.05105411,73.48234061
819,5.06405639,9.668543597,3.15672897,76.95218359,70.72875774
556,2.81254317,7.036612483,2.125776727,77.51686399,77.4232738
933,3.084703757,13.35109111,1.647799854,74.02706112,67.8573996
516,1.972438383,6.405479852,2.011593531,75.81501563,84.03780341
548,4.710964184,3.664564224,1.46888702,76.19254882,76.61619075
584,5.069512095,11.27226475,2.339588188,76.7448019,72.65474075
556,2.337098976,4.284340539,3.637558335,81.82924191,83.4401569
1027,4.700318854,4.521629319,3.161101787,76.08314999,82.60303977
893,1.848612157,7.236628854,3.667712966,75.82997168,69.99758802
651,3.700019426,6.032514615,3.147731479,75.02095264,79.99901981
634,3.285810052,12.53518641,1.472096953,84.88261607,75.47562317
851,2.064738169,6.55797945,2.880577631,74.05122914,77.99980018
497,2.69219197,4.843747868,3.031616308,77.34378272,84.46518405
681,2.670319063,4.893500828,1.973367081,77.16682261,86.45596891
1347,2.414643341,4.876241585,1.457513097,75.26315898,81.56763645
561,3.133501417,6.004069023,1.994892851,74.7696745,74.35186651
993,2.69592954,9.310466717,1.618494444,77.01207226,88.28743904
731,4.926003923,8.351799577,2.251392653,77.65384743,91.54545251
517,3.180159814,3.765969547,4.563520203,75.04804188,81.96807828
589,2.908659139,8.414714014,1.951813979,77.0236323,75.17303203
583,2.371406427,3.601327513,2.668149817,77.48925399,75.19734675
1260,3.394514429,7.081411259,2.667479287,75.55309417,82.42150685
864,4.443720097,6.751359475,3.245363463,77.01334293,75.96294742
446,4.019978185,6.388075849,1.725482984,76.08496411,79.39610965
748,2.91938746,4.33873307,1.982249316,75.8183351,83.53937764
617,4.1031345,19.15932916,2.912220739,83.37420658,78.54304907
715,2.330509978,3.221613977,1.705474175,76.25936668,88.32887301
1087,1.753912623,5.218494845,0.852695747,75.72179953,76.52785383
855,2.042576789,12.5661137,3.690248584,73.94938327,77.33090948
1000,3.315279132,2.009737541,5.498193352,83.49190933,82.12740815
841,2.207064809,5.855750927,2.811959392,77.40011656,80.71319302
621,3.251042298,5.331135919,2.615028287,78.18545527,71.33767298
497,4.243483812,8.132630869,2.846612184,76.29088329,79.0222452
1059,3.427110567,7.152349503,1.716316324,75.64729911,80.85361712
651,2.21297541,2.190320781,2.65268924,75.8656778,82.22885503
627,4.530616795,8.556837147,5.358682273,78.37673401,82.21141118
677,2.800350343,10.08942382,1.948073839,87.94827484,77.26707707
863,1.229742324,4.013878558,2.177187647,80.343213,75.78082732
726,5.562892703,5.254272031,3.049880492,80.40873491,74.94422612
576,3.013128657,4.43098792,1.163554589,74.34798076,70.23641029
571,2.398626238,13.11337767,2.78101273,84.54601846,87.42785403
962,2.570389694,6.561467066,3.041319515,76.16925918,78.54639403
427,2.618576166,10.28132436,1.640165722,73.97995942,73.53879057
734,2.460639049,3.226295741,2.166882939,77.31912506,81.03162665
889,2.351889141,5.050242204,2.318636648,78.344962,70.87354855
1159,2.254696347,10.77229774,1.837094048,76.11426673,73.54674463
950,2.727765176,4.68287306,0.983905018,76.82869107,80.78089993
1355,3.666095918,8.399981708,2.694646974,75.7623235,72.48134706
863,4.907445698,16.22657286,3.554613806,73.0887866,72.32083777
1331,5.337900867,14.80378737,0.989107551,75.52882458,73.98328064
990,3.035681752,5.650108555,0.840952504,77.01108366,75.66356013
525,3.209606266,10.07305016,1.887380023,76.97977679,68.59798504
553,3.32581976,2.574023496,2.228955691,80.61915466,75.38152157
634,2.866110286,7.077810021,1.353356853,76.58815609,80.11415766
432,2.864459866,6.444338759,1.670955522,75.99878395,77.15583069
980,4.01978722,7.739933651,1.326781891,74.69859449,81.05560415
702,3.376007713,4.048699261,2.553313766,83.50227195,90.0401187
868,3.717163254,3.867810446,1.162476973,82.2748303,80.74052937
1057,3.042302104,7.142803344,1.149575665,80.91900111,86.93980961
546,2.971991677,7.004554943,3.737391119,76.77451183,78.8944741
587,5.363736687,4.374739815,1.775974583,75.53579545,81.0265458
752,2.47820672,10.76832661,2.205532153,75.57370584,78.45055585
1517,2.666910639,10.11228263,1.484203341,76.91900951,84.23061095
649,4.301450692,5.778943455,2.638577281,76.80295253,88.30808953
840,3.129240668,7.545361314,1.779439176,76.27820751,83.6589585
546,4.53997054,6.441777845,1.38472139,77.785426,81.14802695
355,1.706908961,4.388974021,1.595875603,77.13311228,89.23591982
638,4.534667893,8.090517292,0.979697559,74.64977549,75.09408838
590,3.745015512,7.92752726,4.195954003,76.78889645,70.97361177
712,2.403353874,6.29395035,3.235076905,76.68024109,85.54584282
535,2.14091203,5.011520625,1.406749936,77.33514177,75.11181052
402,2.694505578,7.669701286,2.027521627,74.23912914,77.30311599
996,4.537515952,3.665690023,2.299347979,73.80030367,74.11048172
982,3.039210377,7.722567174,2.432825074,82.59893701,87.98771396
618,2.197032488,7.519088888,1.727810401,74.50963105,70.16603174
554,2.50005777,4.154523737,2.264125354,80.73033261,74.37765775
1082,2.468747633,5.98903583,1.691283098,84.70144718,72.82531438
731,3.360732374,4.035484988,3.741591065,77.84762362,76.55685845
715,3.196151667,11.70795546,2.449067763,75.54189402,71.28187108
595,2.409280508,7.248602186,1.889515423,85.3697814,74.80152847
548,2.59212919,4.219270814,1.174959015,75.1513941,69.54997602
752,2.786449258,4.987278535,1.382279306,77.57170003,83.33286847
675,4.943009624,11.28262176,2.856676967,73.78488003,82.44462055
519,3.644854187,4.001496107,2.999430401,77.74802844,86.6704369
635,2.256374501,13.7342357,1.497994229,75.56522819,91.05558622
530,5.141889118,6.49014541,1.141657149,77.77598378,76.74767775
1439,5.319710711,4.716009453,1.739001342,76.00251902,83.42932975
592,2.859479043,1.45282542,2.408825717,77.96289888,81.58815929
1115,4.106250748,4.935860262,1.202714596,76.84307422,76.75855764
546,2.585535811,6.658867718,2.30894767,75.63146385,92.94083887
545,4.830597479,5.358682524,1.018291703,77.10357323,83.76773916
801,3.718463186,9.592638806,2.466094103,75.07636068,67.72644256
711,3.470155097,12.18390676,1.300937424,74.61937958,87.76460737
745,3.049411859,5.359665399,1.380626137,76.25125459,82.61109427
648,2.411552207,0.298398639,1.733716553,82.04362729,70.23487402
640,4.913017684,8.011424669,1.440906772,76.59878234,87.19805695
578,3.212724344,5.70725813,1.026333559,77.48945705,80.51128174
821,4.034592104,4.622534249,2.199078501,86.00522028,80.0936358
835,2.062984959,7.514094506,1.942199695,77.08205475,85.53705889
651,3.127390229,5.67178589,2.85737423,76.73723856,65.35913853
761,2.260231975,6.109512389,3.147408759,77.69959899,73.74714713
557,2.776648551,4.354502082,1.696256359,78.29170253,93.36910492
805,4.71376725,4.896263322,3.150943749,82.16572416,84.77335191
1065,3.62958484,7.532303272,1.274250827,72.49515059,66.86721385
676,3.780707782,4.246400967,1.629307508,74.942018,73.58718547
1048,4.063373668,5.387180045,0.843078844,77.71542278,77.3164414
1472,3.301466848,5.487586924,1.493579905,84.50523725,81.85251961
753,2.670238026,6.008622617,1.356146627,83.76296507,69.66323616
1312,5.22160709,5.70050871,1.186812363,77.79899255,77.18852885
559,2.455391481,8.582292313,1.911588121,76.37916195,82.24301647
874,2.797737658,13.54512876,4.394362004,78.63304794,89.49429901
1282,2.847578994,5.990680688,1.367466919,76.87840663,76.88690195
670,3.660511061,7.06750369,3.567983846,75.74386961,81.66332159
933,0.629344733,3.297014977,1.623206099,83.65019295,78.92146338
647,2.663503039,2.818298246,1.803563842,75.74670525,78.7406319
782,2.438570619,9.559822233,2.549857289,78.39245529,75.07317248
789,3.012934366,5.712539148,1.574486398,75.71109485,86.59397104
793,5.265928281,5.869576595,3.512349667,76.34369017,84.96201969
1019,3.485740857,6.848489492,1.181283152,78.30247964,87.00381638
440,2.445845584,8.365401269,1.260636978,78.17705289,77.55037094
440,1.870135659,6.363900571,3.018075836,77.84980579,67.15890294
474,4.987821452,5.106976274,1.663558499,81.948246,80.24609669
1119,3.56577325,8.505236092,2.080299904,80.97111489,82.57287368
732,5.446239408,5.123714832,2.475878643,76.8869731,85.78428355
1320,2.786972437,11.21617639,1.342870813,77.3110225,72.28285509
668,2.676840685,6.086536586,1.21144996,85.04176623,89.22687274
815,4.692303934,10.62921952,1.164406352,76.51108169,76.58311652
649,3.538076679,4.091974609,0.683524266,75.62243194,72.87630883
653,5.36911608,4.548072336,1.287755519,79.7897241,71.73119273
797,0.867212514,9.154264723,1.762051588,76.42245899,79.71787571
2022,0.684500608,4.389600838,1.685321536,77.1197501,89.40415144
445,2.687239783,5.760545552,1.600305477,78.33697313,79.02343452
547,2.288944928,13.82589096,1.616258983,76.5745638,82.87755574
548,2.285039409,5.536658515,1.343144892,78.89204172,75.59951744
1616,2.119156244,9.525708437,1.419075124,78.04855953,82.74369897
780,3.625145574,5.22317348,1.669169255,75.71948875,77.74760676
1497,3.521426776,7.320480935,2.554764105,75.16706896,77.85612496
1216,2.275986638,4.950498431,1.283623605,80.78952655,75.96235519
579,2.857523912,7.13194838,1.439952078,82.13435099,68.49445201
1054,3.459153845,8.053516072,2.2637927,75.15006558,76.68163
793,2.796270018,8.293700294,2.033334046,75.30524111,73.83043196
895,4.13775442,5.803053496,1.308907493,76.25152367,78.1776695
792,2.266308568,5.8780961,2.080896046,73.50795735,82.91327946
836,2.827213662,7.376652952,3.126538926,77.38994385,69.8482703
605,1.286198286,6.658323193,2.116152986,76.6617244,76.74372372
460,2.035808088,4.772909955,1.335937538,76.25310214,82.23388635
915,3.348485472,6.572023828,1.866615034,77.62416062,90.04390159
436,5.325462638,7.10494088,3.063007282,75.21830917,85.70740079
466,3.088058659,3.833145438,1.260134366,77.13080976,82.51509674
793,2.813042146,7.703966237,1.513914229,78.41975521,83.3338243
864,1.896482474,5.826470801,2.850484495,77.41297276,79.4693422
936,4.047003475,4.370944313,2.252912082,76.94623877,80.07072367
803,2.268509024,7.153450693,1.944421531,78.03505972,82.16213003
1345,4.302138641,4.604059282,2.251793045,76.73486275,84.12373885
553,3.419309052,8.018720975,2.574812324,75.585088,89.81473855
962,3.316699684,6.617575288,3.353294163,73.66056891,82.15227358
818,4.087013828,3.529097618,2.15957094,77.15258159,77.39503928
658,3.434232242,3.680896322,1.678708216,88.08991608,78.70480574
699,2.970785179,8.06970392,2.074204681,77.14516805,70.49408812
1762,4.388123424,7.02391512,2.124485102,77.13601254,69.89303998
590,3.86494067,6.357377786,3.320904248,75.53494627,69.88097253
1426,5.481672079,8.784771062,1.540543756,81.63497393,74.30401195
1133,2.91573353,7.881399128,1.51338027,78.04379743,76.81388794
867,3.708640218,5.771329669,1.287857198,77.50887416,74.56357982
784,2.830740496,2.409070169,2.821612458,75.36099062,75.37863502
939,3.745621043,4.112282063,2.222779829,75.70185833,80.18186499
459,5.29446947,11.04506405,2.043475243,82.51987864,86.25193389
941,2.80604691,11.45201369,1.215835815,81.66977162,75.93778237
1376,3.017640404,3.257147765,1.782181155,76.59038139,73.90446492
759,4.458605189,16.74387041,1.153165272,76.81950549,72.77172263
584,3.196155766,7.167711374,2.336000201,78.42752816,67.33002756
739,0.61312823,6.357912179,5.225109564,82.5468263,77.67331472
906,4.198483497,5.379505618,2.189138168,75.79644913,80.25400867
1052,4.927013806,9.249731132,1.327856148,76.42902586,69.90534084
555,2.756869289,2.941944677,2.084822443,78.19382619,83.43602753
523,4.988532604,6.35140451,2.775321582,84.16865159,88.33146414
1676,1.811562357,4.197085784,1.756201747,76.34905073,84.02393542
594,2.670296999,9.094531454,2.782816089,77.07716121,83.55629602
849,4.295417584,4.552237681,2.286317561,84.35006519,72.0784778
1285,4.73764247,7.209567691,2.246638916,83.95475152,80.58499109
1160,4.053691227,3.652379853,1.284000341,82.3372736,82.23398819
867,3.624106793,6.110612918,1.550284373,75.5962816,66.17633683
1190,4.44171077,15.1564709,2.695609588,78.24082756,75.13702131
632,2.832461642,17.62840681,1.950241348,73.53374411,74.76494347
728,2.293929695,4.074800709,2.878275076,74.08039115,73.14725821
910,3.606079609,6.754824253,2.204460823,74.71960985,80.5401604
1558,3.338422227,4.852107661,2.139055637,77.52079384,68.33713703
635,2.041076791,6.844035404,1.357121336,76.00511064,81.07120283
641,3.416582143,9.352443535,2.859449776,76.17524744,84.51833871
1098,2.607914061,4.756741657,2.091423732,77.77843049,73.42062815
673,2.666703511,6.794246254,2.002112874,75.39693424,87.65960147
484,4.548741181,8.992946319,1.195610395,77.52617322,75.75483045
669,2.939017511,6.655452016,1.362066623,77.2772477,70.76075018
1093,0.361325496,7.340947258,2.044774689,77.36658414,77.33351955
940,3.752650887,7.580011865,2.761951815,83.44499341,76.22949081
1309,4.538403411,6.730013027,5.345439757,77.4930723,79.7593484
631,4.714755051,6.548680689,3.026924809,75.78586399,85.32618807
772,3.071266453,3.295086725,1.915774237,82.49663399,84.11460368
1197,5.801737297,5.386256467,0.997441086,84.43666984,74.91193181
747,3.920739602,3.873011659,1.453038934,76.04990583,65.82369388
969,3.266548161,6.003004845,1.435766824,76.1809298,82.86544341
823,2.09261354,7.100224895,1.790771784,76.81916813,76.3844377
663,3.84684094,5.339451241,1.919503149,75.8993363,78.21891551
806,2.68854652,4.810612524,2.242847094,74.88648866,78.03112254
672,2.341995799,3.092599511,1.787089985,74.96112189,93.24813534
425,2.259277788,4.718062505,2.8716396,75.7517288,89.5289084
667,2.503400468,6.063999086,1.846346593,74.96774751,92.878094
728,5.290456049,7.597860287,4.819447511,74.77790361,66.30053606
477,2.093974043,6.336165943,1.127537684,74.15039949,80.31534758
872,4.087339146,5.220623284,1.39580588,76.29693,83.08773306
750,5.499660283,13.05281217,2.450023645,77.40895854,74.88549475
375,3.577745214,5.826771699,2.041511816,76.75385718,85.23604891
855,4.204127307,5.803509917,2.422218008,76.67110095,74.63699277
1107,4.062214167,10.28941586,2.323749525,84.6903129,82.56866127
888,3.978955153,8.781926758,1.927579373,77.1673672,68.12397526
941,4.17604208,17.00140908,1.174217299,79.35018135,72.43894689
787,4.381908228,11.34602516,1.687465595,74.26441374,78.55046393
987,3.186531001,5.854514163,1.664331577,81.55931209,70.18716646
871,4.018964529,9.163864853,2.619968761,75.70883296,66.24332021
2136,3.311170725,7.282089969,1.678656891,75.78330818,83.70767042
954,4.026268259,3.930679017,2.198983644,75.55837361,81.49932721
1090,2.97172452,5.141645155,2.326848284,77.35448286,63.74368109
696,2.364988162,7.691875025,1.546602562,77.33138567,75.50599602
566,2.509265035,4.597218857,2.344011885,74.59304734,80.34672149
943,2.691469911,5.748466303,2.812255782,76.92538547,82.38124641
845,2.203563337,5.667852581,2.504995525,75.50979036,84.08402015
552,4.991269174,6.609255456,4.163942553,81.7309576,68.4358323
824,2.565707989,4.750092985,1.266702199,77.36063265,79.86608316
1054,3.049483835,7.280730993,3.065993312,76.91576057,80.60812288
606,2.667111116,4.330353642,2.728746337,77.45773417,77.38823279
910,3.649920557,5.373736882,2.302590005,77.25040966,76.68305181
417,2.379938647,9.456614453,2.612826075,75.08460323,87.16334432
622,3.239334048,4.804825071,2.299726816,84.66043902,89.9184298
689,4.715840822,8.156513854,1.835469634,76.19232872,80.12204397
727,2.413479346,11.68853418,1.832044624,75.77659754,67.7724242
480,2.779395126,4.363399123,1.446224831,76.8427216,87.05263659
557,5.092596139,8.8042798,1.685475295,77.01268764,81.24854592
902,3.982949474,8.003270695,1.542622795,77.19234042,76.54913668
526,3.784461579,5.071793624,3.200291888,77.09604338,73.13486589
1265,3.941502521,10.12725377,1.102076329,75.26601819,72.78257474
603,3.296474793,4.9719625,3.259993624,78.21380529,73.46746601
1017,2.741787867,6.369482212,1.110303711,76.09576106,72.98986018
856,0.813765233,4.545927318,2.798703578,75.76804397,77.677007
693,2.516245039,4.206705852,1.27383813,83.03973589,79.61923995
833,2.558216044,7.365991047,0.829728234,76.60290281,69.71484108
429,2.304550199,6.122140977,3.992141607,77.15459668,72.72606531
1095,1.780945669,6.519416597,1.560544242,74.02024865,91.09546091
653,4.345529943,6.160082896,1.878802838,85.14396925,72.42792757
475,5.188923998,4.720847449,1.917818381,85.40596098,88.45677882
915,3.913332748,6.698901281,2.005474001,75.80386353,81.6433719
710,3.759057965,3.677632621,3.265592334,75.95175533,74.42868193
863,3.014206461,9.356252717,1.778937759,83.52690463,80.99160818
1295,3.37088576,4.306300886,3.303332532,82.33982355,82.17312046
1311,2.331779857,17.70261438,2.490394905,80.50690412,74.30528675
521,3.055578547,4.381161021,3.047011845,84.07861696,87.98041694
990,2.588415849,4.444074803,1.214079161,83.67638465,70.21416068
474,2.524340529,12.56468015,1.74776261,83.0954991,78.02154158
587,3.128203511,5.317714136,1.567622809,74.98977816,71.83656334
1023,5.043413113,12.8642805,2.846690342,76.32629102,79.17550611
495,2.842188453,4.035040682,1.047627476,75.38819854,71.28597997
1172,2.053936106,8.319995213,2.603505647,76.96952317,82.60795186
915,1.994694821,6.717760528,1.0949896,77.76204138,83.72806337
865,5.520717721,11.64551705,3.516602835,75.1014561,76.41006678
558,4.108341034,10.26412618,2.191095262,75.4424213,70.30269735
1076,3.781888146,13.33436042,1.729139297,75.31018061,80.278523
776,4.581676123,4.787379433,2.863868106,78.04876116,72.47458027
595,2.308323132,11.89904253,1.594980397,75.79467114,69.55380829
439,2.178546508,5.514129621,1.386061207,75.82650884,69.4375721
585,3.964212882,7.544531385,3.640915985,75.7857254,71.14470048
895,3.70720582,2.027585574,3.277046231,76.28311714,87.5210085
1073,2.672364199,6.220187032,1.619333582,85.4371659,72.2500844
440,0.467066177,7.167337327,3.035270279,75.60729414,73.20269147
1174,2.524293516,3.838984205,1.735216727,78.09348718,78.35082143
435,2.771794617,8.088241693,2.872364006,77.00490575,85.61671401
1280,3.993386425,16.27106257,1.583407557,81.28904883,85.00258677
813,2.28553037,4.933827588,0.716698947,75.9761763,69.05366949
806,4.831167953,9.848421622,1.824947835,76.40074085,75.69419164
731,2.03936544,6.023242545,3.339567234,75.40337334,79.26517284
796,3.823450058,6.336588647,1.769773971,77.51846939,72.84896841
487,2.254567576,4.394889643,2.787096359,74.62269042,82.23435206
464,2.055103607,4.396100517,4.850311084,75.79858696,75.92659444
852,2.588709322,6.369111247,2.776359721,75.71160327,82.22690971
1297,4.211831364,4.482056428,1.237458704,77.81680282,71.5021262
855,4.610538333,5.692692787,1.633387968,76.97351189,79.33128925
793,4.736763096,10.07015741,3.223690362,77.59360127,68.45863179
787,2.732085877,7.062147875,1.451408625,76.24665306,74.23206738
651,2.863480806,4.051038161,1.848831681,77.48008704,83.13471708
526,3.823923492,6.72437969,1.126513662,74.73857282,82.75200428
889,2.212142159,3.851419107,1.923154558,77.42955086,84.17780304
646,4.625554987,9.328066007,2.120665945,73.99117232,75.55573053
702,0.803581855,4.285206068,1.082346333,76.21913143,79.09572266
495,2.547830297,6.30459767,1.023898624,77.22903025,78.53021286
828,3.244163333,2.019875045,2.733952322,75.57957952,69.66348305
999,2.646182344,4.854381823,3.1151745,76.57356055,76.65385249
993,2.159050873,6.488133114,1.125075943,83.08904733,79.60516344
989,3.569974743,6.329313993,5.596626072,77.48132959,89.2232492
431,4.485558639,7.644917676,1.446365895,78.25763461,76.8706639
1218,3.19442862,8.38601179,2.027121081,77.84369139,75.47923325
737,3.705347002,5.127605296,1.60736341,75.79856974,82.46582288
1213,2.615430853,12.88064895,2.189643124,76.89209926,73.26979267
497,2.737554284,3.972129572,0.881249497,77.21789135,80.96972117
817,0.327347016,5.215129085,2.90183384,76.31991755,78.75615799
794,2.101917049,2.609970286,3.478527441,75.87137282,85.138482
528,2.550320773,3.468508206,1.581115128,74.69945475,75.89856528
951,1.777563587,3.901552654,2.818858175,76.80996079,81.40222348
1430,2.682190733,7.978655899,3.635208049,75.70906747,82.49545621
567,5.68206931,9.430237568,3.176372801,80.55245223,66.95522141
998,3.563838094,8.50947334,2.601601784,76.96206792,91.85336394
385,2.384219346,3.685272018,2.614119144,77.0103496,80.8177924
575,4.079609507,6.072607002,2.519119267,76.21941969,80.82346506
392,2.497148039,8.65660403,3.952944417,76.04802093,72.47894165
765,2.254016199,3.58178026,2.068399593,85.58277636,82.01133299
820,2.079460804,8.897890141,6.221213023,74.20928264,79.03506987
708,4.645687314,10.25141825,2.385651598,77.11516592,79.42175814
811,2.140366324,5.234007429,1.823363522,83.18336686,73.50390232
797,1.991227785,3.419455352,3.492902204,81.57249582,75.6250806
699,3.311142354,13.77979023,3.025238906,77.24462166,72.06520905
604,2.128319332,5.9261719,2.697280312,77.48012387,74.22801067
1243,2.145370576,7.125325431,0.942967988,77.7801634,69.54649387
652,2.066156099,6.478481699,1.880027444,79.41258738,82.54625848
459,2.698159276,7.061407117,2.435448546,75.43554284,82.15792099
1148,2.497978919,4.926698865,2.334822285,77.99672933,83.78852965
748,4.474578449,3.96255438,1.999295345,77.60220265,66.49411005
881,2.803174991,9.877853285,1.611537282,77.95960824,71.34306116
1418,2.248322209,5.449991547,3.105622929,75.06212615,83.2824758
625,3.482803676,10.75850404,1.932028194,77.4322023,81.31116988
781,3.998970869,3.866428153,1.55783701,75.54764239,70.39191743
447,4.900772642,7.183558629,3.213952649,77.12035201,67.11252405
1107,3.821314443,3.999100639,1.441331349,82.38186532,82.55514901
732,2.156715459,15.50727555,1.636698948,73.51689741,85.08649442
819,2.383461976,6.738287649,3.231114826,77.41499188,78.06126422
761,2.586904098,6.429009772,1.655445036,76.23355645,78.98477862
442,4.281096346,11.12252614,2.850053263,76.79635587,79.96409187
669,3.08619414,5.72130492,3.175727261,78.68008216,74.28237561
503,2.772644829,5.770035585,0.316839262,85.82789227,77.56042321
1556,4.786442381,7.678463364,4.029723383,78.77449533,71.27344962
1285,4.476181427,2.266937497,2.148678955,77.60179987,72.1076558
877,2.986160306,6.472392503,2.954737025,77.82013279,73.06476508
837,3.897374645,4.798025959,2.051584943,86.35505861,82.5971365
812,2.853792168,6.090989446,1.793663252,77.697684,90.72459251
663,3.356356875,4.906609424,1.844422162,76.01380051,79.16789258
572,4.359568533,6.628982325,3.460040125,75.21260697,70.97546562
457,2.563146322,3.727168884,2.44965105,85.8426968,86.12070528
761,2.572092694,7.264213859,1.48657611,77.05576607,83.62603717
808,2.415132601,8.338046523,2.503418957,78.25524519,84.84343589
459,3.146506064,4.089665867,1.789648682,78.2090153,82.16619151
1285,3.458044725,6.303760865,0.988733451,74.64060711,75.95603868
961,2.833571768,5.409131842,2.944689792,79.07416299,74.77673682
1063,2.732093094,8.830228149,1.453048376,77.24416728,84.34036257
838,3.100877443,5.703170873,2.628098452,75.47467704,74.89840047
497,3.930574136,7.509560931,2.480684272,75.17181214,72.50916328
541,2.433963758,8.383636785,2.601730685,78.20988307,85.54950171
472,3.966818597,4.438616405,3.104045161,76.77179806,84.20610966
779,2.504834223,9.671798198,1.68949398,73.06714633,67.2337506
573,2.152994489,9.425374202,5.036341917,75.54549343,86.23636466
847,2.212382793,5.382307485,1.837409664,76.91648403,80.69446918
452,2.900880603,8.871212373,2.714009376,76.56167853,73.30901257
1009,1.902113233,2.805940392,1.700013541,77.22772276,76.05244665
1372,4.582400103,6.236665021,4.051785554,76.37543636,79.41199986
588,4.551837314,5.604693206,1.499266525,86.2352757,75.50727138
810,3.717150108,5.829118282,1.0858223,78.24899399,79.94104599
442,4.305430359,6.12095261,2.316176488,77.96383481,76.59348666
397,2.537987473,6.527305652,2.630740128,74.87329313,85.04511543
811,4.059640237,5.38980663,1.867729522,76.58856125,78.55269547
1174,2.663644234,4.639185319,6.115590616,78.26907485,81.15756821
673,2.941900642,13.74163162,1.105722329,80.36188102,87.58600561
754,3.840549972,6.982956253,4.56080855,75.00510976,76.65435748
620,3.812113372,5.113655413,2.979629,75.59756064,83.66485307
761,2.752419197,8.06744331,2.954059383,81.16598696,70.3872727
870,3.491057811,5.493054309,2.819060001,74.85511034,82.50014499
648,3.279764706,6.929857689,5.994035748,75.50901522,72.93523097
484,1.787698905,4.556442222,2.541574499,78.00889711,77.05362858
707,4.709986268,7.683136932,2.081851551,80.34422655,79.50486347
875,3.518446562,5.320534257,6.91366974,76.6185386,73.11730927
1201,1.952887384,5.530103493,1.335128836,76.99868256,71.17204146
993,5.200199423,6.548924664,2.574176486,76.01118024,74.07118833
1115,4.747931808,8.216819257,0.968321928,78.63204738,72.72189077
734,4.128820275,7.398094098,2.648741768,76.12308173,72.14023122
813,4.841740944,9.640984329,2.380536892,75.47906803,75.0911028
609,3.921508761,7.176596382,3.282127271,76.96869914,66.37470256
979,3.371163432,5.51376697,2.561828306,84.69237976,76.27904185
936,2.699290177,7.592114927,3.04945035,77.64922778,75.83487075
864,4.551637498,5.341291326,1.688242132,74.0944477,72.60694229
559,3.283038665,11.58670872,1.005347152,76.05824559,83.01305035
872,2.462476388,4.919748533,1.746358118,77.93084019,81.66686939
1259,3.53355965,6.277160868,1.413482652,77.75228504,82.7060549
519,2.345010536,0.971858609,1.613090926,75.02520141,78.20302954
1586,5.044422472,8.794704163,2.52325385,77.2766278,70.34974955
1081,4.223930217,4.24022526,3.685039971,74.19832428,73.28706089
1057,2.020149927,7.335626109,3.377037094,81.06018895,70.68640133
702,3.364067177,5.42747446,2.235672119,78.85650782,87.04648139
977,4.011249096,2.6038419,3.867857243,76.63942681,68.16844867
854,3.440655249,4.747437772,1.559795138,78.42772836,82.82314367
810,2.670303134,7.857221735,1.776032331,82.59626333,75.01439875
693,4.073094059,5.087301073,3.492592073,76.27391968,73.40656938
1037,2.94168403,5.08285095,1.921410527,76.12100812,86.70083977
468,3.055062314,6.469762354,2.873086613,76.33314371,67.51178042
1252,2.884950593,9.086708058,2.717592874,76.7349439,78.50575639
446,3.681669089,4.102012461,1.563839994,75.34259707,86.19427253
908,2.651802978,4.118199244,1.720117635,77.35692147,75.20615648
919,4.086417636,5.966214766,1.821345646,77.89504255,70.34742943
874,3.056491379,7.546148927,5.728019131,84.938253,75.68535329
802,3.039684133,5.208251245,1.796822053,76.00556603,80.54930917
767,3.067638671,12.08580006,1.394180397,76.48805886,83.36757605
1099,2.161373503,10.37660589,1.11647312,78.21243822,64.72257203
643,2.892042021,10.26129797,2.155845364,75.59641854,71.29537492
1291,1.900723377,4.250643743,2.87844848,77.19478415,81.68644118
813,2.380060202,5.297108677,0.312323239,75.83929965,77.07615145
552,5.31864599,3.98855983,1.750558214,76.59077869,73.85236119
738,3.892910099,5.426515969,2.349363156,77.28565401,88.97060662
729,4.267034658,5.631333382,2.59657626,76.42661335,73.21978294
739,3.917306134,6.287439374,2.309659343,75.29750892,82.03596641
1096,3.225911439,6.070042512,2.668544122,77.29146585,83.3537176
889,4.427890695,11.13963781,1.515099107,75.4688744,78.45281481
860,2.248495726,4.059394684,2.435539335,74.75286509,74.68994627
590,1.843040444,6.30108957,1.851927099,76.35915354,76.90345113
620,2.046795628,6.215499293,1.037487465,74.94427715,81.74734118
1238,3.328104945,3.496448404,2.029077763,76.57485564,75.34647846
1244,3.943147638,5.018652244,1.28989571,73.74736462,75.36255856
922,2.18630146,11.40159013,2.658820013,77.03808842,86.12867505
668,2.239738439,9.066175368,2.981428006,84.59051974,75.49720901
910,3.880492949,8.84895882,1.473932895,81.16907837,72.7695742
409,2.27994381,6.168619028,2.689318983,77.63337761,73.99291013
757,3.966852285,6.577718724,1.958420121,80.52004792,78.18425562
850,3.996281296,3.968514544,1.752938066,73.21837247,72.77117893
1807,3.727537246,14.1404286,4.446768655,77.00818996,90.36922152
744,5.065594782,4.851332924,1.972935969,81.11610847,84.57894413
567,3.217726789,7.215950791,1.831206578,76.90782175,74.729881
579,5.669802905,6.374986596,1.64476157,74.90037183,74.99749608
471,3.086020237,6.355095686,2.709287682,75.43990012,83.8641721
594,2.334883673,6.493151159,1.382193036,75.70996266,77.60434718
706,5.33145551,4.60139567,3.039931856,76.19627192,77.4937166
630,1.964382174,6.492316581,2.882005842,72.38781402,72.18522645
1074,4.11062483,7.577276363,6.471793825,85.96439299,79.36424126
585,2.322151068,0.852463598,3.696246757,75.89507085,86.60397703
900,2.690146369,5.005524939,1.731651543,76.53227556,84.10486534
683,4.49467265,5.886058243,3.031736162,79.18018093,81.71859522
1181,3.779622383,5.584591252,1.161155885,87.77492629,82.15115897
789,2.880693221,5.337163007,5.843806659,76.77031135,70.63625862
856,5.254808113,5.861384626,2.747196459,75.77312231,69.69750441
529,3.785529273,8.046544799,3.32458934,75.2286849,73.99102318
504,4.07218919,4.886931218,3.874422998,73.47461203,81.6997161
563,2.951490743,5.945932057,1.225631667,76.8107505,81.06369821
625,2.084791985,6.201095861,3.192150479,76.31840951,77.4245155
1579,2.745120925,4.776110186,1.730031862,75.77106381,89.96451692
524,1.868909392,5.641258145,2.109455551,76.06639832,90.34638388
1196,3.704425641,5.219230462,0.395254034,76.76528315,70.95833094
766,2.543176584,7.796650209,1.64811142,77.32717495,78.85301874
534,5.198887521,6.473106984,2.701991323,76.30868964,76.53785814
629,4.565178524,7.415677098,2.336813346,74.38361813,71.83962579
929,3.384135216,6.352527525,2.692926462,83.17085548,79.69275979
670,4.304165201,4.947477076,2.651185024,80.86250601,75.14925624
733,2.918493689,12.94828613,3.223003176,75.2339052,74.83366988
471,3.161668664,3.879185429,2.257505715,78.34922814,79.76626511
580,4.452803216,1.395834602,1.799101847,75.16873233,87.24821873
490,4.449131729,8.942043096,2.661639889,77.29210697,70.56540763
1344,2.265764201,4.865013663,2.207112865,80.69414287,75.42083432
706,3.386240178,9.192417989,3.313928016,82.95733253,78.4346055
498,2.594492905,5.767240631,1.269543893,75.49276142,74.70634845
985,5.114446802,4.21944553,1.209148795,78.21500219,73.0431568
576,3.673601664,7.856399123,2.241272103,77.51247321,70.90585913
707,3.239224448,5.052635,0.975293637,76.15402008,77.92620698
399,2.909903655,5.578826697,2.73150555,74.69854182,83.99594469
486,4.384494467,7.561093717,2.844381682,80.89289653,75.32392445
902,1.245728139,5.847137648,1.022216901,74.6475142,80.67710347
408,2.305619446,4.009056665,2.049260519,77.07229889,87.67701165
1406,2.79191947,9.421817456,2.77136212,75.80423009,74.52327561
581,3.346338717,7.098357594,2.447289331,76.9973945,85.3977034
1335,1.85853313,6.578615243,3.15806109,83.46872577,86.26258289
680,2.499518507,8.196351367,1.317740179,76.47479797,77.25775338
1200,3.006064988,6.657060594,3.155488088,76.89535582,85.31289576
478,5.423971106,7.508909038,2.557159589,76.92212212,71.68674064
649,2.980596119,7.110046415,2.781760901,83.85283246,79.87993208
760,3.290331457,5.461291798,2.19193333,79.2068046,72.87642217
480,5.014930105,7.793114451,1.14449903,77.39689181,69.77165407
536,2.542325753,7.481426184,1.258721685,83.63534679,67.56283435
497,3.625841289,3.271060261,1.96834258,74.94270714,74.7724798
924,3.844013869,2.271132429,1.736351128,76.09731767,84.60073365
456,2.26008444,9.134608351,2.609083728,75.92510217,78.83937939
734,1.994156331,4.35211697,2.261963435,78.30395706,79.59721982
757,2.742128766,6.732460276,3.186250632,81.08205496,69.9711302
556,2.835248117,5.773430879,3.03700736,76.46097343,85.70782554
609,3.087399388,6.449772449,2.92615876,75.47959796,78.57000002
694,2.734475419,4.945806823,0.805797687,75.92356752,84.29280539
846,3.158402775,8.579340805,6.304726143,77.3509994,75.14810516
689,2.590701826,4.297606369,1.099786596,87.07283327,87.35743283
768,1.824641377,7.674013491,2.842898914,85.33614034,76.48549995
576,1.86474901,9.340315842,2.636259345,74.5256965,72.01061407
747,3.121894545,4.253207803,1.979472416,88.87887177,87.50511272
561,2.398631239,3.998411797,3.105763657,77.46292884,83.99202938
710,2.620655068,11.21472149,2.636433239,76.66962354,72.88436389
587,3.414580179,7.009809085,3.407203843,83.1045102,74.21161158
789,2.764034562,8.456321434,1.597474018,75.78644656,82.08660008
630,2.514225058,14.37284382,2.282579352,77.74075718,84.10994604
882,2.392158228,5.495175807,2.983294198,76.79291186,72.26867625
1021,3.858195521,5.002131285,4.750640532,75.23870019,88.88173947
819,4.381741311,7.102074512,1.124922805,77.5844398,80.07887643
400,2.119022627,6.841694776,5.040924214,76.95546375,80.72158067
585,4.936250574,6.469440349,1.261866235,87.63182023,74.32918935
1011,5.085095349,5.451617608,1.36220044,83.72262412,74.44486388
629,1.949550253,4.730966654,1.471184281,77.66116755,92.55105712
1136,3.185263171,6.019692183,2.655349257,78.08796265,82.66689617
972,4.913058442,14.66084718,2.988642846,76.82573857,82.67103283
542,3.197978839,3.520825657,3.392163783,75.78905391,68.34974817
619,4.350691067,9.093115888,2.314456599,76.82168408,92.39866742
997,2.403140819,6.784254141,1.656750126,74.34175471,80.98924513
549,2.929696733,3.826892433,1.977592336,76.90256356,74.91295047
797,3.368795323,6.057227399,1.721997029,74.29569821,75.22221835
902,4.117295857,4.981360352,4.346563963,75.95162651,87.92508748
694,4.81772037,10.86670061,6.186689237,75.28142982,74.92845882
684,2.673344471,4.927375792,1.903572153,76.84493964,86.33734527
696,3.094163372,8.291815546,1.221728774,77.17969299,73.62439552
504,3.775245979,3.962480441,2.038647212,75.56431251,80.42142145
